{"cameraMode":{"drawMode":0,"name":"Shaded","section":"Shading Mode"},"sceneLighting":true,"audioPlay":false,"sceneViewState":{"showFog":true,"showMaterialUpdate":false,"showSkybox":true,"showFlares":true,"showImageEffects":true,"showParticleSystems":true},"in2DMode":false,"pivot":{"x":0.10056948661804199,"y":22.5,"z":-7.729459762573242},"rotation":{"x":-0.18327438831329347,"y":0.34188923239707949,"z":-0.068169504404068,"w":-0.9191709160804749},"size":1.4289418458938599,"orthographic":false}