{"cameraMode":{"drawMode":0,"name":"Shaded","section":"Shading Mode"},"sceneLighting":true,"audioPlay":false,"sceneViewState":{"showFog":true,"showMaterialUpdate":false,"showSkybox":true,"showFlares":true,"showImageEffects":true,"showParticleSystems":true},"in2DMode":false,"pivot":{"x":0.9944891333580017,"y":-0.8552428483963013,"z":-2.2626304626464845},"rotation":{"x":0.04077080637216568,"y":0.03895030915737152,"z":-0.0015904541360214353,"w":0.998407781124115},"size":11.600701332092286,"orthographic":false}