{"cameraMode":{"drawMode":0,"name":"Shaded","section":"Shading Mode"},"sceneLighting":true,"audioPlay":false,"sceneViewState":{"showFog":true,"showMaterialUpdate":false,"showSkybox":true,"showFlares":true,"showImageEffects":true,"showParticleSystems":true},"in2DMode":false,"pivot":{"x":-1.9220075607299805,"y":-0.5585074424743652,"z":-7.546915531158447},"rotation":{"x":-0.29334136843681338,"y":0.5646826028823853,"z":-0.2244371920824051,"w":-0.7380463480949402},"size":4.62058162689209,"orthographic":false}