{"cameraMode":{"drawMode":0,"name":"Shaded","section":"Shading Mode"},"sceneLighting":true,"audioPlay":false,"sceneViewState":{"showFog":true,"showMaterialUpdate":false,"showSkybox":true,"showFlares":true,"showImageEffects":true,"showParticleSystems":true},"in2DMode":false,"pivot":{"x":0.10702291131019592,"y":-4.105520725250244,"z":-4.239635467529297},"rotation":{"x":0.278412789106369,"y":-0.033134832978248599,"z":0.009611179120838642,"w":0.9598416686058044},"size":6.946412086486816,"orthographic":false}