{"cameraMode":{"drawMode":0,"name":"Shaded","section":"Shading Mode"},"sceneLighting":true,"audioPlay":false,"sceneViewState":{"showFog":true,"showMaterialUpdate":false,"showSkybox":true,"showFlares":true,"showImageEffects":true,"showParticleSystems":true},"in2DMode":false,"pivot":{"x":0.2166767120361328,"y":-0.9399999976158142,"z":-8.119999885559082},"rotation":{"x":-0.18327440321445466,"y":0.34188923239707949,"z":-0.06816951185464859,"w":-0.9191709756851196},"size":13.762425422668457,"orthographic":false}