{"cameraMode":{"drawMode":0,"name":"Shaded","section":"Shading Mode"},"sceneLighting":true,"audioPlay":false,"sceneViewState":{"showFog":true,"showMaterialUpdate":false,"showSkybox":true,"showFlares":true,"showImageEffects":true,"showParticleSystems":true},"in2DMode":false,"pivot":{"x":7.46275520324707,"y":-1.77716064453125,"z":12.802882194519043},"rotation":{"x":-0.493581086397171,"y":-0.09047233313322067,"z":0.05171827971935272,"w":-0.8634337186813355},"size":20.486310958862306,"orthographic":false}