{"cameraMode":{"drawMode":0,"name":"Shaded","section":"Shading Mode"},"sceneLighting":true,"audioPlay":false,"sceneViewState":{"showFog":true,"showMaterialUpdate":false,"showSkybox":true,"showFlares":true,"showImageEffects":true,"showParticleSystems":true},"in2DMode":false,"pivot":{"x":1.058398723602295,"y":-4.451047897338867,"z":-3.5580382347106935},"rotation":{"x":0.2938568592071533,"y":0.057299841195344928,"z":-0.017650339752435685,"w":0.9539672136306763},"size":7.040071964263916,"orthographic":false}