{"cameraMode":{"drawMode":0,"name":"Shaded","section":"Shading Mode"},"sceneLighting":false,"audioPlay":false,"sceneViewState":{"showFog":true,"showMaterialUpdate":false,"showSkybox":true,"showFlares":true,"showImageEffects":true,"showParticleSystems":true},"in2DMode":false,"pivot":{"x":0.19557926058769227,"y":0.8201155662536621,"z":-0.11440777778625488},"rotation":{"x":0.00013701482384931296,"y":0.99986332654953,"z":0.011687079444527626,"w":-0.011697511188685894},"size":2.4258604049682619,"orthographic":false}